<botcomponent_workflowset>
  <botcomponent_workflow botcomponentid.schemaname="cre97_frontEndDesk.topic.AddaPatient" workflowid.workflowid="252b823f-3af3-ef11-be20-002248ec43fd">
    <iscustomizable>1</iscustomizable>
  </botcomponent_workflow>
  <botcomponent_workflow botcomponentid.schemaname="cre97_frontEndDesk.topic.AddaPatient" workflowid.workflowid="3b536745-f74f-f43a-3e4c-30c538f758e6">
    <iscustomizable>1</iscustomizable>
  </botcomponent_workflow>
  <botcomponent_workflow botcomponentid.schemaname="cre97_frontEndDesk.topic.AddaPatient" workflowid.workflowid="91251bd3-3cf3-ef11-be20-002248ec43fd">
    <iscustomizable>1</iscustomizable>
  </botcomponent_workflow>
  <botcomponent_workflow botcomponentid.schemaname="cre97_triageMaster.component.Whenalabreportresultsaresubmitted_oQYVdUvpap4pIIUfXyiuf" workflowid.workflowid="a49d862a-8bf3-ef11-be20-002248ec43fd">
    <iscustomizable>1</iscustomizable>
  </botcomponent_workflow>
</botcomponent_workflowset>