<botcomponent schemaname="cre97_triageMaster.component.Whenalabreportresultsaresubmitted_oQYVdUvpap4pIIUfXyiuf">
  <componenttype>17</componenttype>
  <description>Trigger your agent with certain message upon event: When a row is added, modified or deleted.</description>
  <iconurl>https://conn-afd-prod-endpoint-bmc9bqahasf3grgk.b01.azurefd.net/releases/v1.0.1735/1.0.1735.4099/commondataserviceforapps/icon.png</iconurl>
  <iscustomizable>0</iscustomizable>
  <name>When a lab report results are submitted</name>
  <parentbotid>
    <schemaname>cre97_triageMaster</schemaname>
  </parentbotid>
  <statecode>0</statecode>
  <statuscode>1</statuscode>
</botcomponent>