<botcomponent schemaname="cre97_triageMaster.component.IntelligentCardiacTriageSystemDocumentation.docx_RqJ">
  <category>Authoritative</category>
  <componenttype>14</componenttype>
  <description>This knowledge source to calculate the Criticality Flag, Doctor Expertise Required, Time Required for Consultation and ETA Time</description>
  <filedata mimetype="application/vnd.openxmlformats-officedocument.wordprocessingml.document">Intelligent%20Cardiac%20Triage%20System%20Documentation.docx</filedata>
  <iscustomizable>0</iscustomizable>
  <name>Intelligent Cardiac Triage System Documentation.docx</name>
  <parentbotid>
    <schemaname>cre97_triageMaster</schemaname>
  </parentbotid>
  <statecode>0</statecode>
  <statuscode>1</statuscode>
</botcomponent>