{
  "properties": {
    "connectionReferences": {},
    "definition": {
      "$schema": "https://schema.management.azure.com/providers/Microsoft.Logic/schemas/2016-06-01/workflowdefinition.json#",
      "contentVersion": "1.0.0.0",
      "parameters": {
        "$authentication": {
          "defaultValue": {},
          "type": "SecureObject"
        }
      },
      "triggers": {
        "manual": {
          "metadata": {
            "operationMetadataId": "696595de-3881-4050-af73-c4d6d0eebef2"
          },
          "type": "Request",
          "kind": "Skills",
          "inputs": {
            "schema": {
              "type": "object",
              "properties": {
                "text_1": {
                  "title": "Patient Name",
                  "type": "string",
                  "x-ms-dynamically-added": true,
                  "description": "Please enter your input",
                  "x-ms-content-hint": "TEXT"
                },
                "text_2": {
                  "title": "Patient Email",
                  "type": "string",
                  "x-ms-dynamically-added": true,
                  "description": "Please enter your input",
                  "x-ms-content-hint": "TEXT"
                },
                "text_3": {
                  "title": "Start DateTime",
                  "type": "string",
                  "x-ms-dynamically-added": true,
                  "description": "Please enter your input",
                  "x-ms-content-hint": "TEXT"
                },
                "text_4": {
                  "title": "End DateTime",
                  "type": "string",
                  "x-ms-dynamically-added": true,
                  "description": "Please enter your input",
                  "x-ms-content-hint": "TEXT"
                },
                "text_5": {
                  "title": "Doctor Email",
                  "type": "string",
                  "x-ms-dynamically-added": true,
                  "description": "Please enter your input",
                  "x-ms-content-hint": "TEXT"
                },
                "text": {
                  "title": "Patient Summary",
                  "type": "string",
                  "x-ms-dynamically-added": true,
                  "description": "Please enter your input",
                  "x-ms-content-hint": "TEXT"
                }
              },
              "required": [
                "text_1",
                "text_2",
                "text_3",
                "text_4",
                "text_5",
                "text"
              ]
            }
          }
        }
      },
      "actions": {
        "Get_Access_Token": {
          "runAfter": {},
          "metadata": {
            "operationMetadataId": "76e0bd6a-f925-4c2e-8573-f7c607d67499"
          },
          "type": "Http",
          "inputs": {
            "method": "POST",
            "uri": "https://login.microsoftonline.com/2bd484b5-7a26-468a-9e39-0771376aac6f/oauth2/v2.0/token",
            "headers": {
              "Content-Type": "application/x-www-form-urlencoded"
            },
            "body": "grant_type=client_credentials&client_id=fcb9b8eb-bdc9-4200-b8dd-20f180050ea0&scope=https%3A%2F%2Fgraph.microsoft.com%2F.default&client_secret=pt68Q~hhAWVJTGrLZmNw-wI4v4gLgGrzUIfFYb9~"
          }
        },
        "Appointment_Name": {
          "runAfter": {
            "Get_Access_Token": [
              "Succeeded"
            ]
          },
          "metadata": {
            "operationMetadataId": "368370de-5a7a-40fb-9d2a-2082670b58d3"
          },
          "type": "InitializeVariable",
          "inputs": {
            "variables": [
              {
                "name": "locAppointmentName",
                "type": "string",
                "value": "Consultation"
              }
            ]
          }
        },
        "Parse_JSON": {
          "runAfter": {
            "Appointment_Name": [
              "Succeeded"
            ]
          },
          "metadata": {
            "operationMetadataId": "575b805f-b4f2-4962-aa69-bbdb7d84247a"
          },
          "type": "ParseJson",
          "inputs": {
            "content": "@body('Get_Access_Token')",
            "schema": {
              "type": "object",
              "properties": {
                "token_type": {
                  "type": "string"
                },
                "expires_in": {
                  "type": "integer"
                },
                "ext_expires_in": {
                  "type": "integer"
                },
                "access_token": {
                  "type": "string"
                }
              }
            }
          }
        },
        "Compose": {
          "runAfter": {
            "Parse_JSON": [
              "Succeeded"
            ]
          },
          "metadata": {
            "operationMetadataId": "d0ee9dca-a9e3-40ec-b817-478acc4ca6fa"
          },
          "type": "Compose",
          "inputs": "Bearer @{body('Parse_JSON')?['access_token']}"
        },
        "Compose_2": {
          "runAfter": {
            "Compose": [
              "Succeeded"
            ]
          },
          "metadata": {
            "operationMetadataId": "eba599ed-6532-4af7-a666-f7cce263f4e3"
          },
          "type": "Compose",
          "inputs": {
            "additionalInformation": "",
            "isLocationOnline": true,
            "joinWebUrl": "https://teams.microsoft.com/l/meetup-join/19%3ameeting_ZjVmMWU5ZjUtZWY0Zi00ZTM2LTlmYTgtNzRjZjc2MDNkYjdk%40thread.v2/0?context=%7b%22Tid%22%3a%225a68023d-2e91-4798-bddf-88f5bac21fcc%22%2c%22Oid%22%3a%22896457db-89e9-469b-aa3c-b084744c1188%22%7d",
            "customerName": "@triggerBody()['text_1']",
            "customerEmailAddress": "@triggerBody()['text_2']",
            "customerPhone": "",
            "customerTimeZone": "",
            "customerNotes": "",
            "serviceId": "f45f6655-edf1-43af-a951-9078bceb4848",
            "serviceName": "@variables('locAppointmentName')",
            "duration": "PT30M",
            "preBuffer": "PT0S",
            "postBuffer": "PT0S",
            "priceType": "undefined",
            "price": 0,
            "serviceNotes": "@triggerBody()['text']",
            "optOutOfCustomerEmail": false,
            "staffMemberIds": [
              "@triggerBody()['text_5']"
            ],
            "smsNotificationsEnabled": false,
            "anonymousJoinWebUrl": "https://visit.teams.microsoft.com/webrtc-svc/api/route?tid=5a68023d-2e91-4798-bddf-88f5bac21fcc&convId=19:meeting_ZjVmMWU5ZjUtZWY0Zi00ZTM2LTlmYTgtNzRjZjc2MDNkYjdk@thread.v2&oid=896457db-89e9-469b-aa3c-b084744c1188&JoinWebUrl=https://teams.microsoft.com/l/meetup-join/19%3ameeting_ZjVmMWU5ZjUtZWY0Zi00ZTM2LTlmYTgtNzRjZjc2MDNkYjdk%40thread.v2/0?context=%7b%22Tid%22%3a%225a68023d-2e91-4798-bddf-88f5bac21fcc%22%2c%22Oid%22%3a%22896457db-89e9-469b-aa3c-b084744c1188%22%7d&bid=MybookingCal@CRM486899.onmicrosoft.com&biz=6&aE=False&ssid=jHY_Kt1AJEKqUM7CEZp7aw2",
            "maximumAttendeesCount": 1,
            "filledAttendeesCount": 1,
            "isCustomerAllowedToManageBooking": false,
            "appointmentLabel": "",
            "startDateTime": {
              "dateTime": "@triggerBody()['text_3']",
              "timeZone": "UTC"
            },
            "endDateTime": {
              "dateTime": "@triggerBody()['text_4']",
              "timeZone": "UTC"
            },
            "serviceLocation": {
              "displayName": "Microsoft Teams Meeting",
              "locationEmailAddress": "",
              "locationUri": "",
              "locationType": "default",
              "uniqueId": null,
              "uniqueIdType": null,
              "address": {
                "street": "",
                "city": "",
                "state": "",
                "countryOrRegion": "",
                "postalCode": ""
              },
              "coordinates": {
                "altitude": 0,
                "latitude": 0,
                "longitude": 0,
                "accuracy": 0,
                "altitudeAccuracy": 0
              }
            },
            "reminders": []
          }
        },
        "HTTP": {
          "runAfter": {
            "Compose_2": [
              "Succeeded"
            ]
          },
          "metadata": {
            "operationMetadataId": "9eb1dbe2-fdc6-4b5c-aaf7-5d72fdb722b3"
          },
          "type": "Http",
          "inputs": {
            "method": "POST",
            "uri": "https://graph.microsoft.com/v1.0/solutions/bookingBusinesses/CardiaLifeClinc@CRM761551.onmicrosoft.com/appointments",
            "headers": {
              "Content-Type": "application/json",
              "Authorization": "@{outputs('Compose')}"
            },
            "body": "@outputs('Compose_2')"
          }
        },
        "Respond_to_Copilot": {
          "runAfter": {
            "HTTP": [
              "Succeeded"
            ]
          },
          "metadata": {
            "operationMetadataId": "6e0f68c8-4584-4468-9487-484200966e2a"
          },
          "type": "Response",
          "kind": "Skills",
          "inputs": {
            "statusCode": 200,
            "body": {
              "response": "@{body('HTTP')}"
            },
            "schema": {
              "type": "object",
              "properties": {
                "response": {
                  "title": "Response",
                  "x-ms-dynamically-added": true,
                  "type": "string",
                  "description": "Appointment created and details shared to agent"
                }
              }
            }
          }
        }
      }
    },
    "templateName": ""
  },
  "schemaVersion": "1.0.0.0"
}