{
  "properties": {
    "connectionReferences": {
      "shared_commondataserviceforapps": {
        "api": {
          "name": "shared_commondataserviceforapps"
        },
        "connection": {
          "connectionReferenceLogicalName": "cre97_sharedcommondataserviceforapps_cbad5"
        },
        "runtimeSource": "embedded"
      }
    },
    "definition": {
      "$schema": "https://schema.management.azure.com/providers/Microsoft.Logic/schemas/2016-06-01/workflowdefinition.json#",
      "contentVersion": "1.0.0.0",
      "parameters": {
        "$authentication": {
          "defaultValue": {},
          "type": "SecureObject"
        },
        "$connections": {
          "defaultValue": {},
          "type": "Object"
        }
      },
      "triggers": {
        "manual": {
          "type": "Request",
          "kind": "Skills",
          "inputs": {
            "schema": {
              "type": "object",
              "properties": {
                "email": {
                  "description": "Enter an email address.",
                  "format": "email",
                  "title": "Email",
                  "type": "string",
                  "x-ms-content-hint": "EMAIL",
                  "x-ms-dynamically-added": true
                }
              },
              "required": [
                "email"
              ]
            }
          },
          "metadata": {
            "operationMetadataId": "b8f61c18-7224-4f8a-9c5f-72fbce5df764"
          }
        }
      },
      "actions": {
        "Filter_Patient_By_Email": {
          "type": "OpenApiConnection",
          "inputs": {
            "parameters": {
              "entityName": "cra1c_patientdetailses",
              "fetchXml": "<fetch xmlns:generator='MarkMpn.SQL4CDS'>\n  <entity name='cra1c_patientdetails'>\n    <all-attributes />\n    <filter>\n      <condition attribute='cra1c_email' operator='eq' value='@{triggerBody()?['email']}' />\n    </filter>\n  </entity>\n</fetch>"
            },
            "host": {
              "apiId": "/providers/Microsoft.PowerApps/apis/shared_commondataserviceforapps",
              "operationId": "ListRecords",
              "connectionName": "shared_commondataserviceforapps"
            }
          },
          "runAfter": {}
        },
        "Respond_to_Copilot": {
          "type": "Response",
          "kind": "Skills",
          "inputs": {
            "schema": {
              "type": "object",
              "properties": {
                "response": {
                  "title": "response",
                  "description": "Patient Details",
                  "type": "string",
                  "x-ms-content-hint": "TEXT",
                  "x-ms-dynamically-added": true
                }
              },
              "additionalProperties": {}
            },
            "statusCode": 200,
            "body": {
              "response": "@{First(outputs('Filter_Patient_By_Email')?['body/value'])?['cra1c_patientdetailsid']}"
            }
          },
          "runAfter": {
            "Filter_Patient_By_Email": [
              "Succeeded"
            ]
          },
          "metadata": {
            "operationMetadataId": "81c94f73-dd52-465c-ad3b-a4686da63cc3"
          }
        }
      },
      "outputs": {},
      "description": "Run a flow from Copilot and send back a response."
    },
    "templateName": null
  },
  "schemaVersion": "1.0.0.0"
}