{
  "properties": {
    "connectionReferences": {
      "shared_commondataserviceforapps": {
        "api": {
          "name": "shared_commondataserviceforapps"
        },
        "connection": {
          "connectionReferenceLogicalName": "cra1c_sharedcommondataserviceforapps_f0fde"
        },
        "runtimeSource": "embedded"
      },
      "shared_sendmail_1": {
        "api": {
          "name": "shared_sendmail"
        },
        "connection": {
          "connectionReferenceLogicalName": "cra1c_sharedsendmail_6fbc8"
        },
        "runtimeSource": "invoker"
      }
    },
    "definition": {
      "$schema": "https://schema.management.azure.com/providers/Microsoft.Logic/schemas/2016-06-01/workflowdefinition.json#",
      "contentVersion": "1.0.0.0",
      "parameters": {
        "$authentication": {
          "defaultValue": {},
          "type": "SecureObject"
        },
        "$connections": {
          "defaultValue": {},
          "type": "Object"
        }
      },
      "triggers": {
        "manual": {
          "type": "Request",
          "kind": "PowerAppV2",
          "inputs": {
            "schema": {
              "type": "object",
              "properties": {
                "text": {
                  "title": "TicketID",
                  "type": "string",
                  "x-ms-dynamically-added": true,
                  "description": "Please enter your input",
                  "x-ms-content-hint": "TEXT"
                },
                "text_1": {
                  "title": "PatientID",
                  "type": "string",
                  "x-ms-dynamically-added": true,
                  "description": "Please enter your input",
                  "x-ms-content-hint": "TEXT"
                }
              },
              "required": [
                "text",
                "text_1"
              ]
            }
          },
          "metadata": {
            "operationMetadataId": "2d20c17f-e30d-4834-b163-7b5ad8c03a10"
          }
        }
      },
      "actions": {
        "Extract_information_from_documents": {
          "type": "OpenApiConnection",
          "inputs": {
            "parameters": {
              "recordId": "c3da7519-edac-4d16-a141-5ba57a29c76c",
              "item/requestv2/mimeType": "application/pdf",
              "item/requestv2/base64Encoded": "@body('Download_a_file_or_an_image')"
            },
            "host": {
              "apiId": "/providers/Microsoft.PowerApps/apis/shared_commondataserviceforapps",
              "operationId": "aibuilderpredict_formsprocessing",
              "connectionName": "shared_commondataserviceforapps"
            }
          },
          "runAfter": {
            "Download_a_file_or_an_image": [
              "Succeeded"
            ]
          },
          "metadata": {
            "operationMetadataId": "64372fe0-99b2-4b09-82d0-c11a3ad78c39",
            "flowSystemMetadata": {
              "portalOperationId": "aibuilderpredict_formsprocessing",
              "portalOperationGroup": "aibuilder",
              "portalOperationApiDisplayNameOverride": "AI Builder",
              "portalOperationIconOverride": "https://content.powerapps.com/resource/makerx/static/pauto/images/designeroperations/aiBuilderNew.51dbdb6b.png",
              "portalOperationBrandColorOverride": "#0A76C4",
              "portalOperationApiTierOverride": "Standard"
            }
          }
        },
        "Download_a_file_or_an_image": {
          "type": "OpenApiConnection",
          "inputs": {
            "parameters": {
              "entityName": "cra1c_outpatienttickets",
              "recordId": "@triggerBody()['text']",
              "fileImageFieldName": "cra1c_attachments"
            },
            "host": {
              "apiId": "/providers/Microsoft.PowerApps/apis/shared_commondataserviceforapps",
              "operationId": "GetEntityFileImageFieldContent",
              "connectionName": "shared_commondataserviceforapps"
            }
          },
          "runAfter": {},
          "metadata": {
            "operationMetadataId": "54d7d5b2-6982-42e1-8088-a04e0b004238"
          }
        },
        "Update_a_row": {
          "type": "OpenApiConnection",
          "inputs": {
            "parameters": {
              "entityName": "cra1c_outpatienttickets",
              "recordId": "@triggerBody()['text']",
              "item/cra1c_bnp": "@outputs('Extract_information_from_documents')?['body/responsev2/predictionOutput/labels/BNP/value']",
              "item/cra1c_chronicconditions": "@outputs('Get_a_row_by_ID-PatientDetailses')?['body/cra1c_chronicconditions']",
              "item/cra1c_diastolicbp": "@outputs('Extract_information_from_documents')?['body/responsev2/predictionOutput/labels/DiastolicBP/value']",
              "item/cra1c_ecgfindings": "@outputs('Extract_information_from_documents')?['body/responsev2/predictionOutput/labels/ECGFindings/text']",
              "item/cra1c_heartrate": "@outputs('Extract_information_from_documents')?['body/responsev2/predictionOutput/labels/HeartRate/value']",
              "item/cra1c_knownallergies": "@outputs('Get_a_row_by_ID-PatientDetailses')?['body/cra1c_knownallergies']",
              "item/cra1c_PatientID@odata.bind": "/cra1c_patientdetailses(@{triggerBody()?['text_1']})",
              "item/cra1c_smokinghabit": "@outputs('Get_a_row_by_ID-PatientDetailses')?['body/cra1c_smokingstatus@OData.Community.Display.V1.FormattedValue']",
              "item/cra1c_status": 2,
              "item/cra1c_systolicbp": "@outputs('Extract_information_from_documents')?['body/responsev2/predictionOutput/labels/SystolicBP/value']",
              "item/cre97_troponin": "@outputs('Extract_information_from_documents')?['body/responsev2/predictionOutput/labels/Troponin/value']"
            },
            "host": {
              "apiId": "/providers/Microsoft.PowerApps/apis/shared_commondataserviceforapps",
              "operationId": "UpdateOnlyRecord",
              "connectionName": "shared_commondataserviceforapps"
            }
          },
          "runAfter": {
            "Get_a_row_by_ID-PatientDetailses": [
              "Succeeded"
            ]
          },
          "metadata": {
            "operationMetadataId": "7fabdce0-28e7-4d08-85f9-48bdca8bd307"
          }
        },
        "Respond_to_a_Power_App_or_flow": {
          "type": "Response",
          "kind": "PowerApp",
          "inputs": {
            "schema": {
              "type": "object",
              "properties": {
                "bnp": {
                  "title": "BNP",
                  "x-ms-dynamically-added": true,
                  "type": "number"
                },
                "diastolic_bp": {
                  "title": "Diastolic BP",
                  "x-ms-dynamically-added": true,
                  "type": "number"
                },
                "heartrate": {
                  "title": "HeartRate",
                  "x-ms-dynamically-added": true,
                  "type": "number"
                },
                "systolicbp": {
                  "title": "SystolicBP",
                  "x-ms-dynamically-added": true,
                  "type": "number"
                },
                "tropopin": {
                  "title": "Tropopin",
                  "x-ms-dynamically-added": true,
                  "type": "number"
                },
                "ecgfindings": {
                  "title": "ECGFindings",
                  "x-ms-dynamically-added": true,
                  "type": "string"
                }
              },
              "additionalProperties": {}
            },
            "statusCode": 200,
            "body": {
              "bnp": "@{outputs('Update_a_row')?['body/cra1c_bnp']}",
              "diastolic_bp": "@{outputs('Update_a_row')?['body/cra1c_diastolicbp']}",
              "heartrate": "@{outputs('Update_a_row')?['body/cra1c_heartrate']}",
              "systolicbp": "@{outputs('Update_a_row')?['body/cra1c_systolicbp']}",
              "tropopin": "@{outputs('Update_a_row')?['body/cre97_troponin']}",
              "ecgfindings": "@outputs('Update_a_row')?['body/cra1c_ecgfindings']"
            }
          },
          "runAfter": {
            "Update_a_row": [
              "Succeeded"
            ]
          },
          "metadata": {
            "operationMetadataId": "bd9c11a5-d3f7-4d9e-b369-0aca717d4cb7"
          }
        },
        "Send_an_email_notification_(V3)_3": {
          "type": "OpenApiConnection",
          "inputs": {
            "parameters": {
              "request/to": "@outputs('Get_a_row_by_ID-PatientDetailses')?['body/cra1c_email']",
              "request/subject": "Your Lab Report Has Been Successfully Submitted",
              "request/text": "<p class=\"editor-paragraph\">Dear @{outputs('Get_a_row_by_ID-PatientDetailses')?['body/cra1c_firstname']},</p><p class=\"editor-paragraph\"><br>We are pleased to inform you that your lab report has been successfully submitted and is now being analyzed by our AI-powered system.</p><p class=\"editor-paragraph\"><br>Next Steps:<br>Our system will review the results and determine the appropriate next steps based on your condition.<br>If an appointment is required, you will receive a follow-up notification with the scheduled date and time.<br>Please ensure you check your email regularly for updates. If you have any questions or concerns, feel free to contact us at CardioTriage AI clinic.</p><p class=\"editor-paragraph\"><br>Thank you for trusting us with your care.</p><br><br><p class=\"editor-paragraph\">Best regards,<br>CardioTriage AI</p><br>"
            },
            "host": {
              "apiId": "/providers/Microsoft.PowerApps/apis/shared_sendmail",
              "operationId": "SendEmailV3",
              "connectionName": "shared_sendmail_1"
            }
          },
          "runAfter": {
            "Respond_to_a_Power_App_or_flow": [
              "Succeeded"
            ]
          },
          "metadata": {
            "operationMetadataId": "79d274a8-1842-4b9a-bfec-7f8846fdb523"
          }
        },
        "Get_a_row_by_ID-PatientDetailses": {
          "type": "OpenApiConnection",
          "inputs": {
            "parameters": {
              "entityName": "cra1c_patientdetailses",
              "recordId": "@triggerBody()?['text_1']"
            },
            "host": {
              "apiId": "/providers/Microsoft.PowerApps/apis/shared_commondataserviceforapps",
              "operationId": "GetItem",
              "connectionName": "shared_commondataserviceforapps"
            }
          },
          "runAfter": {
            "Extract_information_from_documents": [
              "Succeeded"
            ]
          },
          "metadata": {
            "operationMetadataId": "96d8136f-e509-4cde-92cf-20bb59250ebb"
          }
        }
      }
    },
    "templateName": null
  },
  "schemaVersion": "1.0.0.0"
}