{
  "properties": {
    "connectionReferences": {
      "shared_microsoftcopilotstudio": {
        "runtimeSource": "embedded",
        "connection": {
          "connectionReferenceLogicalName": "cre97_sharedmicrosoftcopilotstudio_2fd0e"
        },
        "api": {
          "name": "shared_microsoftcopilotstudio"
        }
      },
      "shared_commondataserviceforapps": {
        "runtimeSource": "embedded",
        "connection": {
          "connectionReferenceLogicalName": "cre97_sharedcommondataserviceforapps_cbad5"
        },
        "api": {
          "name": "shared_commondataserviceforapps"
        }
      }
    },
    "definition": {
      "$schema": "https://schema.management.azure.com/providers/Microsoft.Logic/schemas/2016-06-01/workflowdefinition.json#",
      "contentVersion": "1.0.0.0",
      "parameters": {
        "$connections": {
          "defaultValue": {},
          "type": "Object"
        },
        "$authentication": {
          "defaultValue": {},
          "type": "SecureObject"
        }
      },
      "triggers": {
        "When_a_row_is_added,_modified_or_deleted": {
          "metadata": {
            "operationMetadataId": "ee1e8daf-220c-437c-b140-c894ae49cecf"
          },
          "type": "OpenApiConnectionWebhook",
          "inputs": {
            "host": {
              "connectionName": "shared_commondataserviceforapps",
              "operationId": "SubscribeWebhookTrigger",
              "apiId": "/providers/Microsoft.PowerApps/apis/shared_commondataserviceforapps"
            },
            "parameters": {
              "subscriptionRequest/message": 3,
              "subscriptionRequest/entityname": "cra1c_outpatientticket",
              "subscriptionRequest/scope": 4
            },
            "authentication": "@parameters('$authentication')"
          },
          "conditions": [
            {
              "expression": "@and(not(empty(triggerOutputs()?['body/cra1c_patientid'])), equals(triggerOutputs()?['body/cra1c_status'], 2))"
            }
          ]
        }
      },
      "actions": {
        "Sends_a_prompt_to_the_specified_copilot_for_processing": {
          "runAfter": {
            "Initialize_Patient_Details": [
              "Succeeded"
            ]
          },
          "metadata": {
            "operationMetadataId": "74a919e4-aecd-40d0-937a-2fc4242098c1"
          },
          "type": "OpenApiConnection",
          "inputs": {
            "host": {
              "connectionName": "shared_microsoftcopilotstudio",
              "operationId": "ExecuteCopilot",
              "apiId": "/providers/Microsoft.PowerApps/apis/shared_microsoftcopilotstudio"
            },
            "parameters": {
              "Copilot": "cre97_triageMaster",
              "body/message": "Analysis and book an appointment for the Patient @{First(outputs('Get_Patient_Details')?['body/value'])} who submitted the lab report in JSON format @{triggerBody()} "
            },
            "authentication": "@parameters('$authentication')"
          }
        },
        "Get_Patient_Details": {
          "runAfter": {},
          "metadata": {
            "operationMetadataId": "055e8829-75af-4387-ad48-9b01cd86f4e2"
          },
          "type": "OpenApiConnection",
          "inputs": {
            "host": {
              "connectionName": "shared_commondataserviceforapps",
              "operationId": "ListRecords",
              "apiId": "/providers/Microsoft.PowerApps/apis/shared_commondataserviceforapps"
            },
            "parameters": {
              "entityName": "cra1c_patientdetailses",
              "$filter": "cra1c_patientdetailsid eq @{triggerOutputs()?['body/_cra1c_patientid_value']}",
              "$top": 1
            },
            "authentication": "@parameters('$authentication')"
          }
        },
        "Initialize_Patient_Details": {
          "runAfter": {
            "Get_Patient_Details": [
              "Succeeded"
            ]
          },
          "metadata": {
            "operationMetadataId": "86df3885-2bac-46e1-bd22-90c672fa0dea"
          },
          "type": "InitializeVariable",
          "inputs": {
            "variables": [
              {
                "name": "varPatientDetails",
                "type": "object",
                "value": "@First(outputs('Get_Patient_Details')?['body/value'])"
              }
            ]
          }
        }
      }
    },
    "templateName": ""
  },
  "schemaVersion": "1.0.0.0"
}