<ImportExportXml version="9.2.25021.188" SolutionPackageVersion="9.2" languagecode="1033" generatedBy="CrmLive" xmlns:xsi="http://www.w3.org/2001/XMLSchema-instance" OrganizationVersion="9.2.25021.188" OrganizationSchemaType="Full" CRMServerServiceabilityVersion="9.2.25021.00188">
  <SolutionManifest>
    <UniqueName>MediGuide</UniqueName>
    <LocalizedNames>
      <LocalizedName description="CardioTriage-AI" languagecode="1033" />
    </LocalizedNames>
    <Descriptions />
    <Version>1.0.0.5</Version>
    <Managed>0</Managed>
    <Publisher>
      <UniqueName>CardioTriage</UniqueName>
      <LocalizedNames>
        <LocalizedName description="CardioTriage" languagecode="1033" />
      </LocalizedNames>
      <Descriptions />
      <EMailAddress xsi:nil="true"></EMailAddress>
      <SupportingWebsiteUrl xsi:nil="true"></SupportingWebsiteUrl>
      <CustomizationPrefix>ct</CustomizationPrefix>
      <CustomizationOptionValuePrefix>12161</CustomizationOptionValuePrefix>
      <Addresses>
        <Address>
          <AddressNumber>1</AddressNumber>
          <AddressTypeCode>1</AddressTypeCode>
          <City xsi:nil="true"></City>
          <County xsi:nil="true"></County>
          <Country xsi:nil="true"></Country>
          <Fax xsi:nil="true"></Fax>
          <FreightTermsCode xsi:nil="true"></FreightTermsCode>
          <ImportSequenceNumber xsi:nil="true"></ImportSequenceNumber>
          <Latitude xsi:nil="true"></Latitude>
          <Line1 xsi:nil="true"></Line1>
          <Line2 xsi:nil="true"></Line2>
          <Line3 xsi:nil="true"></Line3>
          <Longitude xsi:nil="true"></Longitude>
          <Name xsi:nil="true"></Name>
          <PostalCode xsi:nil="true"></PostalCode>
          <PostOfficeBox xsi:nil="true"></PostOfficeBox>
          <PrimaryContactName xsi:nil="true"></PrimaryContactName>
          <ShippingMethodCode>1</ShippingMethodCode>
          <StateOrProvince xsi:nil="true"></StateOrProvince>
          <Telephone1 xsi:nil="true"></Telephone1>
          <Telephone2 xsi:nil="true"></Telephone2>
          <Telephone3 xsi:nil="true"></Telephone3>
          <TimeZoneRuleVersionNumber xsi:nil="true"></TimeZoneRuleVersionNumber>
          <UPSZone xsi:nil="true"></UPSZone>
          <UTCOffset xsi:nil="true"></UTCOffset>
          <UTCConversionTimeZoneCode xsi:nil="true"></UTCConversionTimeZoneCode>
        </Address>
        <Address>
          <AddressNumber>2</AddressNumber>
          <AddressTypeCode>1</AddressTypeCode>
          <City xsi:nil="true"></City>
          <County xsi:nil="true"></County>
          <Country xsi:nil="true"></Country>
          <Fax xsi:nil="true"></Fax>
          <FreightTermsCode xsi:nil="true"></FreightTermsCode>
          <ImportSequenceNumber xsi:nil="true"></ImportSequenceNumber>
          <Latitude xsi:nil="true"></Latitude>
          <Line1 xsi:nil="true"></Line1>
          <Line2 xsi:nil="true"></Line2>
          <Line3 xsi:nil="true"></Line3>
          <Longitude xsi:nil="true"></Longitude>
          <Name xsi:nil="true"></Name>
          <PostalCode xsi:nil="true"></PostalCode>
          <PostOfficeBox xsi:nil="true"></PostOfficeBox>
          <PrimaryContactName xsi:nil="true"></PrimaryContactName>
          <ShippingMethodCode>1</ShippingMethodCode>
          <StateOrProvince xsi:nil="true"></StateOrProvince>
          <Telephone1 xsi:nil="true"></Telephone1>
          <Telephone2 xsi:nil="true"></Telephone2>
          <Telephone3 xsi:nil="true"></Telephone3>
          <TimeZoneRuleVersionNumber xsi:nil="true"></TimeZoneRuleVersionNumber>
          <UPSZone xsi:nil="true"></UPSZone>
          <UTCOffset xsi:nil="true"></UTCOffset>
          <UTCConversionTimeZoneCode xsi:nil="true"></UTCConversionTimeZoneCode>
        </Address>
      </Addresses>
    </Publisher>
    <RootComponents>
      <RootComponent type="1" schemaName="cra1c_configurationdata" behavior="0" />
      <RootComponent type="1" schemaName="cra1c_doctors" behavior="0" />
      <RootComponent type="1" schemaName="cra1c_doctorstatus" behavior="0" />
      <RootComponent type="1" schemaName="cra1c_logs" behavior="0" />
      <RootComponent type="1" schemaName="cra1c_outpatientticket" behavior="0" />
      <RootComponent type="1" schemaName="cra1c_patientdetails" behavior="0" />
      <RootComponent type="1" schemaName="cra1c_speciality" behavior="0" />
      <RootComponent type="1" schemaName="cra1c_systemtableuser" behavior="0" />
      <RootComponent type="1" schemaName="crbdb_appointmentlogs" behavior="0" />
      <RootComponent type="1" schemaName="systemuser" behavior="1" />
      <RootComponent type="9" schemaName="cra1c_docstatus" behavior="0" />
      <RootComponent type="9" schemaName="cra1c_gender" behavior="0" />
      <RootComponent type="9" schemaName="cra1c_registrationcouncil" behavior="0" />
      <RootComponent type="29" id="{2465642d-68f3-ef11-9341-6045bdd7cefc}" behavior="0" />
      <RootComponent type="29" id="{252b823f-3af3-ef11-be20-002248ec43fd}" behavior="0" />
      <RootComponent type="29" id="{2865642d-68f3-ef11-9341-6045bdd7cefc}" behavior="0" />
      <RootComponent type="29" id="{3b536745-f74f-f43a-3e4c-30c538f758e6}" behavior="0" />
      <RootComponent type="29" id="{72ae567d-74f2-ef11-be20-002248ec43fd}" behavior="0" />
      <RootComponent type="29" id="{91251bd3-3cf3-ef11-be20-002248ec43fd}" behavior="0" />
      <RootComponent type="29" id="{a49d862a-8bf3-ef11-be20-002248ec43fd}" behavior="0" />
      <RootComponent type="300" schemaName="cra1c_medi_9e496" behavior="0" />
      <RootComponent type="401" id="{c3da7519-edac-4d16-a141-5ba57a29c76c}" behavior="0" />
      <RootComponent type="431" schemaName="cra1c_patientdetails cra1c_patientimage" behavior="0" />
      <RootComponent type="432" schemaName="cra1c_patientdetails" behavior="0" />
    </RootComponents>
    <MissingDependencies>
      <MissingDependency>
        <Required type="9" schemaName="sameweekday_options" displayName="Day" solution="msdynce_ActivitiesPatch (9.0.25021.250219000)">
          <package appName="msdynce_Activities" version="9.0.25021.250219000">msdynce_EnableUCIByDefault (9.0.25021.250219000)</package>
        </Required>
        <Dependent type="2" schemaName="cra1c_dayavailability" displayName="DayAvailability" parentSchemaName="cra1c_doctors" parentDisplayName="Doctors" />
      </MissingDependency>
    </MissingDependencies>
  </SolutionManifest>
</ImportExportXml>