{
  "properties": {
    "connectionReferences": {
      "shared_commondataserviceforapps": {
        "api": {
          "name": "shared_commondataserviceforapps"
        },
        "connection": {
          "connectionReferenceLogicalName": "cre97_sharedcommondataserviceforapps_cbad5"
        },
        "runtimeSource": "embedded"
      }
    },
    "definition": {
      "$schema": "https://schema.management.azure.com/providers/Microsoft.Logic/schemas/2016-06-01/workflowdefinition.json#",
      "contentVersion": "1.0.0.0",
      "parameters": {
        "$authentication": {
          "defaultValue": {},
          "type": "SecureObject"
        },
        "$connections": {
          "defaultValue": {},
          "type": "Object"
        }
      },
      "triggers": {
        "manual": {
          "type": "Request",
          "kind": "Skills",
          "inputs": {
            "schema": {
              "type": "object",
              "properties": {
                "text": {
                  "description": "Please enter your input",
                  "title": "FirstName",
                  "type": "string",
                  "x-ms-content-hint": "TEXT",
                  "x-ms-dynamically-added": true
                },
                "text_1": {
                  "description": "Please enter your input",
                  "title": "LastName",
                  "type": "string",
                  "x-ms-content-hint": "TEXT",
                  "x-ms-dynamically-added": true
                },
                "text_2": {
                  "description": "Please enter your input",
                  "title": "Email",
                  "type": "string",
                  "x-ms-content-hint": "TEXT",
                  "x-ms-dynamically-added": true
                },
                "text_3": {
                  "description": "Please enter your input",
                  "title": "Contact",
                  "type": "string",
                  "x-ms-content-hint": "TEXT",
                  "x-ms-dynamically-added": true
                }
              },
              "required": [
                "text",
                "text_1",
                "text_2",
                "text_3"
              ]
            }
          },
          "metadata": {
            "operationMetadataId": "b8f61c18-7224-4f8a-9c5f-72fbce5df764"
          }
        }
      },
      "actions": {
        "Respond_to_Copilot": {
          "type": "Response",
          "kind": "Skills",
          "inputs": {
            "schema": {
              "type": "object",
              "properties": {
                "recordid": {
                  "title": "RecordID",
                  "description": "",
                  "type": "string",
                  "x-ms-content-hint": "TEXT",
                  "x-ms-dynamically-added": true
                }
              },
              "additionalProperties": {}
            },
            "statusCode": 200,
            "body": {
              "recordid": "@{outputs('Add_New_Patient')?['body/cra1c_patientdetailsid']}"
            }
          },
          "runAfter": {
            "Add_New_Patient": [
              "SUCCEEDED"
            ]
          },
          "metadata": {
            "operationMetadataId": "81c94f73-dd52-465c-ad3b-a4686da63cc3"
          }
        },
        "Add_New_Patient": {
          "type": "OpenApiConnection",
          "inputs": {
            "parameters": {
              "entityName": "cra1c_patientdetailses",
              "item/cra1c_firstname": "@triggerBody()?['text']",
              "item/cra1c_gender": 216310000,
              "item/cra1c_lastname": "@triggerBody()?['text_1']",
              "item/cra1c_contactnumber": "@triggerBody()?['text_3']",
              "item/cra1c_email": "@triggerBody()?['text_2']"
            },
            "host": {
              "apiId": "/providers/Microsoft.PowerApps/apis/shared_commondataserviceforapps",
              "operationId": "CreateRecord",
              "connectionName": "shared_commondataserviceforapps"
            }
          },
          "runAfter": {}
        }
      },
      "outputs": {},
      "description": "Run a flow from Copilot and send back a response."
    },
    "templateName": null
  },
  "schemaVersion": "1.0.0.0"
}