{
  "properties": {
    "connectionReferences": {},
    "definition": {
      "$schema": "https://schema.management.azure.com/providers/Microsoft.Logic/schemas/2016-06-01/workflowdefinition.json#",
      "contentVersion": "1.0.0.0",
      "parameters": {
        "$authentication": {
          "defaultValue": {},
          "type": "SecureObject"
        }
      },
      "triggers": {
        "manual": {
          "metadata": {
            "operationMetadataId": "6dabd875-ae23-4ae2-ab6e-95ad92348881"
          },
          "type": "Request",
          "kind": "Skills",
          "inputs": {
            "schema": {
              "type": "object",
              "properties": {},
              "required": []
            }
          }
        }
      },
      "actions": {
        "Get_Access_Token": {
          "runAfter": {},
          "metadata": {
            "operationMetadataId": "76e0bd6a-f925-4c2e-8573-f7c607d67499"
          },
          "type": "Http",
          "inputs": {
            "method": "POST",
            "uri": "https://login.microsoftonline.com/2bd484b5-7a26-468a-9e39-0771376aac6f/oauth2/v2.0/token",
            "headers": {
              "Content-Type": "application/x-www-form-urlencoded"
            },
            "body": "grant_type=client_credentials&client_id=fcb9b8eb-bdc9-4200-b8dd-20f180050ea0&scope=https%3A%2F%2Fgraph.microsoft.com%2F.default&client_secret=pt68Q~hhAWVJTGrLZmNw-wI4v4gLgGrzUIfFYb9~"
          }
        },
        "Parse_JSON": {
          "runAfter": {
            "Get_Access_Token": [
              "Succeeded"
            ]
          },
          "metadata": {
            "operationMetadataId": "575b805f-b4f2-4962-aa69-bbdb7d84247a"
          },
          "type": "ParseJson",
          "inputs": {
            "content": "@body('Get_Access_Token')",
            "schema": {
              "type": "object",
              "properties": {
                "token_type": {
                  "type": "string"
                },
                "expires_in": {
                  "type": "integer"
                },
                "ext_expires_in": {
                  "type": "integer"
                },
                "access_token": {
                  "type": "string"
                }
              }
            }
          }
        },
        "Compose": {
          "runAfter": {
            "Parse_JSON": [
              "Succeeded"
            ]
          },
          "metadata": {
            "operationMetadataId": "d0ee9dca-a9e3-40ec-b817-478acc4ca6fa"
          },
          "type": "Compose",
          "inputs": "Bearer @{body('Parse_JSON')?['access_token']}"
        },
        "HTTP": {
          "runAfter": {
            "Compose": [
              "Succeeded"
            ]
          },
          "metadata": {
            "operationMetadataId": "9eb1dbe2-fdc6-4b5c-aaf7-5d72fdb722b3"
          },
          "type": "Http",
          "inputs": {
            "method": "GET",
            "uri": "https://graph.microsoft.com/v1.0/solutions/bookingBusinesses/CardiaLifeClinc@CRM761551.onmicrosoft.com/appointments",
            "headers": {
              "Content-Type": "application/json",
              "Authorization": "@{outputs('Compose')}"
            }
          }
        },
        "Filter_array": {
          "runAfter": {
            "HTTP": [
              "Succeeded"
            ]
          },
          "metadata": {
            "operationMetadataId": "371c7661-5ae9-479f-a98a-8f11890f7188"
          },
          "type": "Query",
          "inputs": {
            "from": "@body('HTTP')?['value']",
            "where": "@and(\n  greaterOrEquals(item()?['startDateTime']?['dateTime'], formatDateTime(utcNow(), 'yyyy-MM-ddTHH:mm:ssZ')),\n  lessOrEquals(item()?['startDateTime']?['dateTime'], formatDateTime(addDays(utcNow(), 7), 'yyyy-MM-ddTHH:mm:ssZ'))\n)"
          }
        },
        "Select": {
          "runAfter": {
            "Filter_array": [
              "Succeeded"
            ]
          },
          "metadata": {
            "operationMetadataId": "1bd9f90a-60ca-4406-b303-8315bc2c6e29"
          },
          "type": "Select",
          "inputs": {
            "from": "@body('Filter_array')",
            "select": {
              "ID": "@item()?['id']",
              "selfServiceAppointmentId": "@item()?['selfServiceAppointmentId']",
              "Patient Name": "@item()?['customerName']",
              "Patient Email": "@item()?['customerEmailAddress']",
              "Patient TimeZone": "@item()?['customerTimeZone']",
              "Start Date Time": "@item()?['startDateTime']?['dateTime']",
              "End Date Time": "@item()?['endDateTime']?['dateTime']",
              "Doctor ID": "@join(item()?['staffMemberIds'],',')",
              "Service ID": "@item()?['serviceId']",
              "Service Name": "@item()?['serviceName']"
            }
          }
        },
        "Respond_to_Copilot": {
          "runAfter": {
            "Select": [
              "Succeeded"
            ]
          },
          "metadata": {
            "operationMetadataId": "633099c4-9b53-4c14-9570-8431548822b4"
          },
          "type": "Response",
          "kind": "Skills",
          "inputs": {
            "statusCode": 200,
            "body": {
              "response": "@{body('Select')}"
            },
            "schema": {
              "type": "object",
              "properties": {
                "response": {
                  "title": "Response",
                  "x-ms-dynamically-added": true,
                  "type": "string",
                  "description": "Existing Doctors' appointments"
                }
              }
            }
          }
        }
      }
    },
    "templateName": ""
  },
  "schemaVersion": "1.0.0.0"
}